mesto,avtor,naslov,producent,leto,zalozba
500,Smokey Robinson and the Miracles,Shop Around,Gordy,60, Tamla <br />16 weeks; No. 2
499,Weezer,Buddy Holly,Ric Ocasek,94, DGC <br />21 weeks; No. 18
498,The Rolling Stones,Miss You,The Glimmer Twins,78, Rolling Stones <br />20 weeks; No. 1
497,Bruce Springsteen,The Rising,Brendan O'Brien,02, Columbia <br />11 weeks; No. 52
496,Jackson Browne,Running on Empty,Browne,77, Asylum <br />17 weeks; No. 11
495,The Rolling Stones,Brown Sugar,Jimmy Miller,71, Rolling Stones <br />12 weeks; No. 1
494,R. Kelly,Ignition (Remix),Kelly,02, Jive <br />42 weeks; No. 2
493,MGMT,Time to Pretend,Dave Fridmann,08, Columbia <br />Did Not Chart
492,Gloria Gaynor,I Will Survive,"Fekaris, Perren",78, Polydor <br />27 weeks; No. 1
491,Joan Jett and the Blackhearts,I Love Rock 'N Roll,"Ritchie Cordell, Kenny Laguna",82, Boardwalk <br />20 weeks; No. 1
490,Coldplay,Clocks,"Ken Nelson, Mark Phythian",02, Capitol <br />22 weeks; No. 29
489,The Drifters,Under the Boardwalk,Bert Berns,64, Atlantic <br />33 weeks; No. 4
488,The Cure,Just Like Heaven,"David Allen, Smith",87, Elektra   <br />19 weeks; No. 40
487,Alice Cooper,I'm Eighteen,"Bob Erzin, Jack Richardson",71, Warner Bros. <br />13 weeks; No. 21
486,David Bowie,Young Americans,Tony Visconti,75, RCA <br />11 weeks; No. 28
485,LaBelle,Lady Marmalade,Allen Toussaint,75, Epic <br />18 weeks; No. 1
484,Justin Timberlake,Cry Me a River,Timbaland,02, Jive <br />20 weeks; No. 3
483,Jefferson Airplane,White Rabbit,Rick Jarrard,67, RCA <br />10 weeks; No. 8
482,Kelly Clarkson,Since U Been Gone,"Dr. Luke, Martin",04, RCA <br />46 weeks; No. 2
481,Rick James,Super Freak,James,81, Gordy <br />24 weeks; No. 16
480,Beastie Boys,Sabotage,"Beastie Boys, Mario Caldato Jr.",94, Grand Royal <br />Did Not Chart
479,Foreigner,I Want to Know What Love Is,"Jones, Alex Sadkin",84, Atlantic <br />21 weeks; No. 1
478,The Strokes,Last Nite,Gordon Raphael,01, RCA <br />Did Not Chart
477,The Smiths,How Soon Is Now?,John Porter,85, Sire  <br />Did Not Chart
476,Aretha Franklin,Do Right Woman — Do Right Man,Jerry Wexler,67, Atlantic <br />11 weeks; No. 9
475,The Supremes,Where Did Our Love Go,"Brian Holland, Dozier",64, Motown  <br />14 weeks; No. 1
474,Van Morrison,Into the Mystic,Morrison,70, Warner Bros. <br />Non-Single
473,Guns N' Roses,Welcome to the Jungle,Mike Clink,87, Geffen  <br />17 weeks; No. 7
472,Del Shannon,Runaway,"Harry Balk, Irving Micahnik",61, Big Top  <br />17 weeks; No. 1
471,Cheap Trick,Surrender,Tom Werman,78, Epic  <br />8 weeks; No. 62
470,The Four Tops,Standing in the Shadows of Love,"Brian Holland, Dozier",66, Motown <br />10 weeks; No. 6
469,The Beatles,Rain,George Martin,66," Capitol<br />
7 weeks; No. 23"
468,The Staple Singers,Respect Yourself,Al Bell,71, Stax <br />14 weeks; No. 12
467,Jay-Z Featuring UGK,Big Pimpin',Timbaland,99, Roc-A-Fella <br />20 weeks; No. 18
466,Missy Elliott,Get Ur Freak On,Timbaland,01, Gold Mind/Elektra <br />25 weeks; No. 7
465,Muddy Waters,Rollin' Stone,Leonard and Phil Chess,1948, Chess <br />predates chart
464,Prince and the Revolution,Kiss,Prince and the Revolution,86, Paisley Park  <br />18 weeks; No. 1
463,Sam and Dave,Soul Man,"Hayes, Porter",67, Stax <br />15 weeks; No. 2
462,Nirvana,All Apologies,Steve Albini,93, Geffen  <br />22 weeks; No. 45
461,Ramones,Sheena Is a Punk Rocker,"Tony Bongiovi, T. Erdelyi",77, Sire  <br />13 weeks; No. 81
460,George Harrison,My Sweet Lord,"Harrison, Phil Spector",70, Apple  <br />14 weeks; No. 1
459,Guns N' Roses,Paradise City,Mike Clink,87, Geffen  <br />17 weeks; No. 5
458,Sam Cooke,Cupid,"Cooke, Hugo and Luigi",61, RCA <br />17 weeks; No. 12
457,Chubby Checker,The Twist,Karl Mann,60, Parkway  <br />39 weeks; No. 1
456,The Beatles,Penny Lane,George Martin,67, Capitol   <br />10 weeks; No. 1
455,The Velvet Underground,Heroin,"Andy Warhol, Tom Wilson",67, Verve <br />Non-Single
454,The Shangri-Las,Leader of the Pack,"Morton, Barry, Greenwich",64, Red Bird <br />12 weeks; No. 1
453,Toots and the Maytals,Pressure Drop,Leslie Kong,73, Mango <br />Did Not Chart
452,Nirvana,Come As You Are,"Butch Vig, Nirvana",91, Geffen <br />18 weeks; No. 32
451,Sonny and Cher,I Got You Babe,Bono,65, Atco <br />14 weeks; No. 1
450,Bob Marley and the Wailers,I Shot the Sheriff,Chris Blackwell,73, Island <br />did not chart
449,The Dell-Vikings,Come Go With Me,Joe Averbach,57, Dot <br />31 weeks; No. 5
448,50 Cent,In Da Club,"Dr. Dre, Elizondo",02, Interscope/Aftermath/Shady <br />30 weeks; No. 1
447,John Cougar Mellencamp,Pink Houses,"Little Bastard, Don Gehman",83, Riva <br />16 weeks; No. 8
446,Salt &#8216;n Pepa,Push It,Azor,87, Next Plateau <br />25 weeks; No. 19
445,The Stooges,I Wanna Be Your Dog,John Cale,69, Elektra <br />Did Not Chart
444,Elvis Presley,Love Me Tender,Steve Sholes,56, RCA <br />23 weeks; No. 1
443,The Rolling Stones,Beast of Burden,The Glimmer Twins,78, Rolling Stones <br />13 weeks; No. 8
442,Love,Alone Again Or,"Arthur Lee, Bruce Botnick",68, Elektra <br />3 weeks; No. 99
441,Wilson Pickett,Mustang Sally,Jerry Wexler,66, Atlantic <br />9 weeks; No. 23
440,Led Zeppelin,Ramble On,Page,69, Atlantic <br />Non-Single
439,Gladys Knight and the Pips,Midnight Train to Georgia,Tony Camillo,73, Buddah <br />19 weeks; No. 1
438,Fats Domino,Ain't It a Shame,Bartholomew,55, Imperial <br />13 weeks; No. 10
437,The Clash,(White Man) In Hammersmith Palais,The Clash,79, Epic  <br />Did Not Chart
436,Solomon Burke,Everybody Needs Somebody to Love,Berns,64, Atlantic  <br />8 weeks; No. 58
435,U2,New Year's Day,Steve Lillywhite,83, Island  <br />12 weeks; No. 53
434,Deep Purple,Smoke on the Water,Deep Purple,73, Warner Bros. <br />16 weeks; No. 4
433,Rolling Stones,Tumbling Dice,Jimmy Miller,72, Rolling Stones  <br />10 weeks; No. 7
432,Green Day,American Idiot,"Rob Cavallo, Green Day",04, Reprise  <br />20 weeks; No. 61
431,The Smiths,"William, It Was Really Nothing",John Porter,84, Sire <br />Did Not Chart
430,Elvis Presley,Blue Suede Shoes,Steve Sholes,56, RCA <br />12 weeks; No. 20
429,Billy Joel,Piano Man,Michael Stewart,73, Columbia <br />14 weeks; No. 25
428,The Isley Brothers,It's Your Thing,"R. Isley, R. Isley, O. Isley",69, T-Neck  <br />14 weeks; No. 2
427,Dr. Dre,Nuthin' But a 'G' Thang,Dr. Dre,93, Death Row <br />27 weeks; No. 2
426,"Crosby, Stills and Nash",Suite: Judy Blue Eyes,"David Crosby, Stills, Graham Nash",69, Atlantic <br />12 weeks; No. 21
425,N.W.A,Fuck tha Police,"Dr. Dre, Yella",89, Priority <br />Non-Single
424,The Notorious B.I.G.,Juicy,"Sean ""Puffy"" Combs, Poke",94, Bad Boy  <br />20 weeks; No. 27
423,Don Henley,The Boys of Summer,"Henley, Campbell, Danny Kortchmar, Greg Ladanyi",84, Geffen  <br />22 weeks; No. 5
422,The Four Tops,Can't Help Myself,"Holland, Dozier, Holland",65, Motown <br />14 weeks; No. 1
421,The Coasters,Young Blood,"Leiber, Stoller",57, Atco <br />11 weeks; No. 1
420,Little Richard,The Girl Can't Help It,"Robert ""Bumps"" Blackwell",57, Specialty  <br />8 weeks; No. 49
419,Bobbie Gentry,Ode to Billie Joe,"Kelly Gordon, Bobby Paris",67, Capitol <br />14 weeks; No. 1
418,Donna Summer,I Feel Love,"Moroder, Bellotte",77, Casablanca <br />23 weeks; No. 6
417,Pixies,Monkey Gone to Heaven,Gil Norton,89, Elektra <br />Did Not Chart
416,Aerosmith,Sweet Emotion,Jack Douglas,75, Columbia <br />8 weeks; No. 36
415,Nirvana,In Bloom,Butch Vig,91, DGC  <br />Non-Single
414,Carpenters,We've Only Just Begun,Jack Daugherty,70, A&M <br />17 weeks; No. 2
413,Bob Dylan,Visions of Johanna,Bob Johnston,66, Columbia <br />Non-Single
412,Rihanna Featuring Jay-Z,Umbrella,"Harrell, Stewart",07, Def Jam <br />27 weeks; No. 1
411,Eddie Cochran,C'mon Everybody,Capehart,58, Liberty <br />12 weeks; No. 35
410,Sly and the Family Stone,Thank You (Falettinme Be Mice Elf Agin),Stone,70, Epic <br />13 weeks; No. 1
409,The Shirelles,Tonight's the Night,Dixon,60, Scepter <br />12 weeks; No. 39
408,Metallica,Enter Sandman,"Bob Rock, Hetfield, Ulrich",91, Elektra  <br />20 weeks; No. 16
407,Lynyrd Skynyrd,Sweet Home Alabama,Al Kooper,74, MCA <br />17 weeks; No. 8
406,Big Star,Thirteen,John Fry,72, Ardent <br />Non-Single
405,Blue Öyster Cult,(Don't Fear) the Reaper,"Murray Krugman, Sandy Pearlman, David Lucas",76, Columbia <br />14 weeks; No. 12
404,The Shangri-Las,Remember (Walkin' in the Sand),Morton,64, Red Bird <br />11 weeks; No. 5
403,Elvis Presley,Can't Help Falling in Love,Joseph Lilley,61, RCA <br />14 weeks; No. 1
402,The Five Stairsteps,O-o-h Child,Vincent,70, Buddha <br />16 weeks; No. 8
401,The Lovin' Spoonful,Summer in the City,Erik Jacobsen,66, Kama Sutra <br />11 weeks; No. 1
400,The Four Tops,Baby I Need Your Loving,"Holland, Dozier, Holland",64, Motown <br />12 weeks; No. 11
399,The Temptations,Just My Imagination,Whitfield,71, Gordy <br />15 weeks; No. 1
398,The Police,Roxanne,The Police,79, A&M <br />13 weeks; No. 32
397,Elton John,Tiny Dancer,Gus Dudgeon,71, Uni <br />7 weeks; No. 41
396,Eric B. and Rakim,Know You Got Soul,Eric B. and Rakim,87, 4th and Broadway <br />Did Not Chart
395,"Crosby, Stills, Nash and Young",Ohio,"Crosby, Stills, Nash, Young",70, Atlantic <br />9 weeks; No. 14
394,The Beatles,Ticket to Ride,George Martin,65, Capitol <br />11 weeks; No. 1
393,The Allman Brothers Band,Whipping Post,Tom Dowd,69, Capricorn <br />Non-single
392,The Verve,Bitter Sweet Symphony,"The Verve, Christopher Marc Potter, Youth",97, Virgin <br />20 weeks; No. 12
391,Aaron Neville,Tell It Like It Is,Davis,66, Par Lo <br />14 weeks; No. 2
390,Elton John,Goodbye Yellow Brick Road,Gus Dudgeon,73, MCA <br />17 weeks; No. 2
389,R.E.M.,Radio Free Europe,"Mitch Easter, Don Dixon",83, I.R.S. <br />5 weeks; No. 78
388,U2,Pride (In the Name of Love),"Brian Eno, Daniel Lanois",84, Island <br />15 weeks; No. 33
387,Ray Charles,Hit the Road Jack,Sid Feller,61, ABC-Paramount <br />11 weeks; No. 1
386,Yeah Yeah Yeahs,Maps,David Andrew Sitek,04, Interscope <br />13 weeks; No. 87
385,Radiohead,Fake Plastic Trees,John Leckie,95, Capitol <br />4 weeks; No. 65
384,Pink Floyd,Another Brick in the Wall Part 2,"Bob Ezrin, Waters, David Gilmour",79, Columbia <br />25 weeks; No. 1
383,Chuck Berry,Brown Eyed Handsome Man,"Leonard Chess, Phil Chess",56, Chess <br />Did Not Chart
382,Sam Cooke,Wonderful World,"Cooke, Adler",60, RCA <br />15 weeks; No. 12
381,Television,Marquee Moon,Andy Johns,77, Elektra <br />Did Not Chart
380,The Who,I Can't Explain,Shel Talmy,65, Decca <br />2 weeks; No. 93
379,The Jimi Hendrix Experience,The Wind Cries Mary,Chas Chandler,67, Reprise  <br />8 weeks; No. 65
378,Bo Diddley,I'm a Man,Leonard Chess,55, Checker <br />Did Not Chart
377,Depeche Mode,Personal Jesus,"Depeche Mode, Flood",89, Sire <br />20 weeks; No. 28
376,Cream,White Room,Felix Pappalardi,68, Atco <br />11 weeks; No. 6
375,Bee Gees,How Deep Is Your Love,"Bee Gees, Karl Richardson, Albhy Galuten",77, RSO<br />33 weeks; No. 1&#xA0;
374,The Righteous Brothers,Unchained Melody,Phil Spector,65, Philles<br />13 weeks; No. 4
373,Bob Dylan,Highway 61 Revisited,Bob Johnston,65, Columbia<br />Did not chart
372,The Box Tops,The Letter,Dan Penn,67, Mala<br />16 weeks; No. 1
371,The Clash,Complete Control,"Lee ""Scratch"" Perry",79, Epic<br />Non-single&#xA0;
370,The Beatles,All You Need is Love,George Martin,67, Capitol<br />11 weeks; No. 1
369,Roberta Flack,Killing Me Softly With His Song,Joel Dorn,73, Atlantic<br />16 weeks; No. 1
368,Muddy Waters,Got My Mojo Working,"Phil Chess, Leonard Chess, Willie Dixon",1957, Chess<br />Did not chart
367,Martha and the Vandellas,Nowhere to Run,"Brian Holland, Dozier",65, Gordy<br />11 weeks; No. 8
366,The Jimi Hendrix Experience,Little Wing,Chas Chandler,68, Reprise<br />Non-single
365,Eurythmics,Sweet Dreams (Are Made of This),Stewart,83, RCA<br />26 weeks; No. 1
364,Creedence Clearwater Revival,Bad Moon Rising,Fogerty,69, Fantasy<br />14 weeks; No. 2
363,Elvis Costello,Watching the Detectives,Nick Lowe,77, Columbia<br />Did not chart
362,Eric Clapton,Tears in Heaven,Russ Titelman,92, Duck/Reprise<br />26 weeks; No. 2
361,Elvis Presley,All Shook Up,Steve Sholes,55, Mercury<br />24 weeks; No. 1
359,Little Eva,The Loco-Motion,Goffin,62, Dimension<br />16 weeks; No. 1
358,Ben E. King,Spanish Harlem,"Mike Stoller, Leiber",60, Atco<br />16 weeks; No. 10
357,The Isley Brothers,That Lady (Part 1 and 2),The Isley Brothers,73, T-Neck<br />20 weeks; No. 6
356,Elton John,Candle in the Wind,Gus Dudgeon,73, MCA
355,Dr. Dre and 2Pac,California Love,Dr. Dre,96, Death Row<br />24 weeks; No. 6
354,Ritchie Valens,La Bamba,Bob Keane,58, Del-Fi<br />15 weeks; No. 22
353,Big Brother and the Holding Company,Piece of My Heart,John Simon,68, CBS<br />12 weeks; No. 12
352,Lavern Baker,Jim Dandy,"Ahmet Ertegun,Jerry Wexler",56, Atlantic<br />19 weeks; No. 17
351,Dion,Runaround Sue,Gene Schwartz,61, Laurie<br />14 weeks; No. 1
350,Jimmy Cliff,The Harder They Come,Cliff,75, Mango<br />Did not chart
349,The Who,Baba O'Riley,"Glyn Johns, the Who",71, MCA<br />Non-single in U.S.
348,The Supremes,You Keep Me Hanging On,"Brian Holland, Dozier",66, Motown<br />12 weeks; No. 1
347,Paul McCartney,Maybe I'm Amazed,McCartney,70, Apple<br />13 weeks; No. 10
346,Aerosmith,Walk This Way,Jack Douglas,76, Columbia<br />17 weeks; No. 10
345,U2,Beautiful Day,"Daniel Lanois, Brian Eno",00, Island<br />25 weeks; No. 1
344,Michael Jackson,Beat It,Quincy Jones,82, Epic<br />25 weeks; No. 1&#xA0;
343,The Rolling Stones,Wild Horses,Jimmy Miller,71, Rolling Stones<br />8 weeks; No. 28
342,The Velvet Underground,Sweet Jane,"The Velvet Underground, Shel Kagan, Geoffrey Haslam",70, Cotillion<br />Non-single
341,Norman Greenbaum,Spirit in the Sky,Erik Jacobsen,70, Reprise<br />15 weeks; No. 3
340,Bob Dylan,Subterranean Homesick Blues,Tom Wilson,65, Columbia<br />8 weeks; No. 39
339,Bonnie Raitt,I Can't Make You Love Me,"Don Was, Raitt",91, Capitol<br />20 weeks; No. 18
338,Queen,We Will Rock You,Queen,77, Elektra<br />14 weeks; No. 52
337,"Earth, Wind and Fire",Way of the World,Maurice White,75, Columbia<br />16 weeks; No. 12
336,The Doors,The End,Paul Rothchild,67, Elektra<br />Non-single
335,Jerry Butler and The Impressions,For Your Precious Love,Calvin Carter,58, Falcon<br />12 weeks; No. 11
334,James Brown,Get Up (I Feel Like Being a) Sex Machine,Brown,70, King<br />9 weeks; No. 15
333,The Young Rascals,Good Lovin',"Tom Dowd, Arif Mardin",66, Atlantic<br />14 weeks; No. 1&#xA0;
332,The Supremes,Baby Love,"Brian Holland, Dozier",64, Motown<br />13 weeks; No. 1
331,Patti Smith Group,Dancing Barefoot,Todd Rundgren,79, Arista<br />Did not chart
330,Public Enemy,Fight the Power,"Sadler, Hank Shocklee",89, Def Jam<br />Did not chart
329,Neil Young,Cortez the Killer,"Young, David Briggs",75, Reprise<br />Non-single
328,Led Zeppelin,Heartbreaker,Page,69, Atlantic<br />Non-single
327,Franz Ferdinand,Take Me Out,Tore Johansson,04, Domino<br />19 weeks; No. 66
326,Alice Cooper,School's Out,Bob Ezrin,72, Warner Bros.<br />13 weeks; No. 7
325,Jimmy Cliff,Many Rivers to Cross,Cliff,69, A&M<br />Did not chart
324,Pink Floyd,Wish You Were Here,Pink Floyd,75, Columbia<br />Non-single
323,Elvis Costello,Alison,Nick Lowe,77, Columbia<br />Did not chart
322,The Animals,Don't Let Me Be Misunderstood,Mickie Most,65, MGM<br />10 weeks; No. 15
321,Pink Floyd,Comfortably Numb,Bob Ezrin,79, Columbia<br />Did not chart
320,Screamin' Jay Hawkins,I Put a Spell on You,Arnold Maxin,56, OKeh<br />Did not chart
319,Roy Orbison,In Dreams,Fred Foster,63, Monument<br />13 weeks; No. 7
318,The Everly Brothers,Wake Up Little Susie,Archie Bleyer,57, Cadence<br />26 weeks; No. 1
317,Black Sabbath,Iron Man,Roger Bain,71, Warner<br />10 weeks; No. 52
316,Tina Turner,What's Love Got to Do With It,Britten,84, Capitol<br />28 weeks; No. 1
315,Jackie Wilson,Lonely Teardrops,Dick Jacobs,58, Brunswick<br />21 weeks; No. 7&#xA0;
314,Frankie Lymon and The Teenagers,Why Do Fools Fall In Love,George Goldner,56, Gee<br />21 weeks; No. 6
313,The Jam,That's Entertainment,"Vic Coppersmith-Heaven, the Jam",80, Polydor<br />Non-single in the U.S.
312,James Brown,Say It Loud - I'm Black and I'm Proud,Brown,68, King<br />11 weeks; No. 10
311,The Beatles,With a Little Help From My Friends,George Martin,67, Capitol<br />Non-single
310,The Rolling Stones,Ruby Tuesday,Andrew Loog Oldham,67, London<br />12 weeks; No. 1
309,Willie Nelson,Blue Eyes Crying in the Rain,Nelson,75, Columbia<br />18 weeks; No. 21
308,Rod Stewart,Da Ya Think I'm Sexy?,Tom Dowd,78, Warner Bros.<br />21 weeks; No. 1
307,Daft Punk,One More Time,Daft Punk,00, Virgin<br />16 weeks; No. 61
306,Madonna,Like A Prayer,"Madonna, Leonard",89, Sire<br />16 weeks; No. 1
305,Blondie,One Way or Another,Mike Chapman,78, Chrysalis<br />14 weeks; No. 24
304,Prince,Sign 'O' The Times,Prince,87, Paisley Park<br />14 weeks; No. 3
303,Neil Young,Heart of Gold,"Elliot Mazer, Young",72, Reprise<br />14 weeks; No. 1
302,Bob Marley and the Wailers,"Get Up, Stand Up",Chris Blackwell,75, Island<br />Did not chart
301,The Rolling Stones,Street Fighting Man,Jimmy Miller,68, London<br />6 weeks; No. 48
300,Led Zeppelin,Black Dog,Page,71, Atlantic<br />12 weeks; No. 15
299,Al Green,Tired of Being Alone,"Willie Mitchell, Green",71, Hi<br />19 weeks; No. 11
298,The Clash,Train in Vain,Guy Stevens,79, Epic<br />14 weeks; No. 23
297,The Zombies,She's Not There,Ken Jones,64, Parrot<br />15 weeks; No. 2&#xA0;
296,Eminem feat. Dido,Stan,"Eminem, the 45 King",00, Aftermath<br />15 weeks; No. 51
295,The Beatles,Can't Buy Me Love,George Martin,64, Capitol<br />10 weeks; No. 1
294,Barrett Strong,Money (That's What I Want),Gordy,60, Anna<br />17 weeks; No. 23
293,Run-DMC,Walk This Way,"Rick Rubin,Russell Simmons",86, Profile<br />16 weeks; No. 4
292,Pavement,Summer Babe (Winter Version),"Malkmus, Scott Kannberg",92, Drag City<br />Did not chart
291,Howlin' Wolf,Smokestack Lightning,"Leonard and Phil Chess, Willie Dixon",56, Chess<br />Did not chart&#xA0;
290,Elvis Costello and the Attractions,"(What's So Funny About) Peace, Love and Understanding",Lowe,79, Columbia<br />Non-single
289,Blondie,Call Me,Moroder,80, Chrysalis<br />25 weeks; No. 1&#xA0;
288,Joni Mitchell,Help Me,Mitchell,74, Asylum<br />19 weeks; No. 7
287,Stevie Wonder,You Are the Sunshine of My Life,Wonder,72, Tamla<br />17 weeks; No. 1
286,The White Stripes,Seven Nation Army,White,03, V2/Third Man
285,Bill Withers,Ain't No Sunshine,Booker T. Jones,71, Sussex<br />16 weeks; No. 3
284,The Dixie Cups,Chapel of Love,"Jerry Leiber, Mike Stoller, Barry, Greenwich",64, Red Bird<br />13 weeks; No. 1
283,The Cure,Pictures of You,"Smith, David M. Allen",89, Elektra<br />8 weeks; No. 71
282,David Bowie,Ziggy Stardust,"Ken Scott, Bowie",72, RCA<br />Non-single
281,The Staple Singers,ll Take You There,Bell,72, Stax<br />15 weeks; No. 1
280,Bruce Springsteen,Born in the U.S.A.,"Springsteen, Jon Landau, Chuck Plotkin, Steve Van Zandt",84, Columbia<br />17 weeks; No. 9
279,Jefferson Airplane,Somebody to Love,Rick Jarrard,67, RCA<br />15 weeks; No. 5
278,The Beatles,Something,George Martin,69, Apple<br />16 weeks; No. 3
277,Chuck Berry,Sweet Little Sixteen,Leonard and Phil Chess,58, Chess<br />16 weeks; No. 2
276,The Beach Boys,Sloop John B,Wilson,66, Capitol<br />11 weeks; No. 3
275,George Jones,He Stopped Loving Her Today,Billy Sherrill,80, Epic<br />Did not chart&#xA0;
274,The Modern Lovers,Roadrunner,John Cale,76, Beserkley<br />Did not chart&#xA0;
273,Kanye West,Jesus Walks,West,04, Roc-a-Fella<br />25 weeks; No. 11
272,U2,Sunday Bloody Sunday,Steve Lillywhite,83, Island<br />Did not chart&#xA0;
271,New York Dolls,Personality Crisis,Todd Rundgren,73, Mercury<br />Did not chart
270,Archie Bell and The Drells,Tighten Up,Skipper Lee Frazier,68, Atlantic<br />15 weeks; No. 1
269,The Ronettes,Walking in the Rain,Spector,64, Philles<br />11 weeks; No. 23
268,Randy Newman,Sail Away,Lenny Waronker,72, Reprise<br />Did not chart
267,The Crystals,He's A Rebel,,62, Philles<br />18 weeks; No. 1
266,Smokey Robinson and The Miracles,Ooo Baby Baby,Robinson,65, Tamla<br />11 weeks; No. 16
265,Stevie Wonder,Higher Ground,Wonder,73, Tamla<br />14 weeks; No. 4
264,Jeff Buckley,Hallelujah,Andy Wallace,94, Columbia<br />Non-Single
263,The Dells,"Oh, What A Night",Bobby Miller,69, Cadet<br />11 weeks; No. 10
262,The Who,I Can See For Miles,Kit Lambert,67, Decca<br />11 weeks; No. 9
261,The Troggs,Wild Thing,Larry Page,66, Atco/Fontana<br />11 weeks; No. 1
260,Bob Dylan,Mississippi,Jack Frost,01, Columbia<br />Non-Single
259,Blondie,Heart of Glass,Mike Chapman,78, Chrysalis<br />21 weeks; No. 1&#xA0;
258,AC/DC,Highway to Hell,Robert John Lange,79, Atlantic<br />10 weeks; No. 47&#xA0;
257,Radiohead,Paranoid Android,"Nigel Godrich,",97, Capitol<br />Did not chart&#xA0;
256,Mott the Hoople,All the Young Dudes,Bowie,72, Columbia<br />11 weeks; No. 37&#xA0;
255,Bobby Darin,Mack the Knife,Ahmet Ertegun,59, Atco<br />26 weeks; No. 1&#xA0;
254,The Drifters,Money Honey,"Ahmet Ertegun, Jerry Wexler",53, Atlantic
253,Black Sabbath,Paranoid,Rodger Bain,70, Warner Bros.<br />8 weeks; No. 61&#xA0;
252,Aretha Franklin,Chain of Fools,Jerry Wexler,67, Atlantic<br />12 weeks; No. 2&#xA0;
251,Sugarhill Gang,Rapper's Delight,Sylvia Robinson,79, Sugar Hill<br />12 weeks; No. 36&#xA0;
250,Sly and the Family Stone,Hot Fun in the Summertime,Stone,69, Epic<br />16 weeks; No. 2
249,The Band,The Night They Drove Old Dixie Down,"John Simon, the Band",69, Capitol<br />Non-single
248,Jackie Wilson,(Your Love Keeps Lifting Me) Higher and Higher,Carl Davis,67, Brunswick<br />12 weeks; No. 6
247,The Spencer Davis Group,Gimme Some Lovin',Jimmy Miller,66, United Artists<br />13 weeks; No. 7
246,The B-52's,Love Shack,"Don Was, Nile Rodgers",89, Reprise<br />27 weeks; No. 3
245,Elton John,Rocket Man,Gus Dudgeon,72, Uni<br />15 weeks; No. 6
244,Sly and the Family Stone,Stand!,Stone,69, Epic<br />8 weeks; No. 22
243,Dion,The Wanderer,Gene Schwartz,61, Laurie<br />18 weeks; No. 2
242,Dusty Springfield,Son of a Preacher Man,Jerry Wexler,68, Atlantic<br />12 weeks; No. 10
241,Patsy Cline,I Fall to Pieces,Owen Bradley,61, Decca<br />20 weeks; No. 12
240,Afrika Bambaataa and the Soul Sonic Force,Planet Rock,"Bambaataa, Arthur Baker",82, Tommy Boy<br />11 weeks; No. 48
239,Ray Charles,I Got a Woman,Jerry Wexler,54, ABC-Parliament<br />Predates chart
238,Buddy Holly and the Crickets,Everyday,Petty,57, Coral a<br />Did not chart
237,The Byrds,I'll Feel a Whole Lot Better,Terry Melcher,65, Columbia<br />Did not chart
236,M.I.A.,Paper Planes,"Diplo, Switch",07, Interscope<br />21 weeks; No. 4
235,The Animals,We Gotta Get Out of This Place,Mickie Most,65, MGM<br />11 weeks; No. 13
234,Roy Orbison,Only the Lonely,Fred Foster,60, Monument<br />21 weeks; No. 2
233,Marvin Gaye,Sexual Healing,Gaye,82, Columbia<br />21 weeks; No. 3
232,Bob Dylan,Just Like a Woman,Bob Johnston,66, Columbia<br />6 weeks; No. 33
231,Van Morrison,Moondance,Morrison,70, Warner Bros.<br />4 weeks; No. 92
230,Muddy Waters,Mannish Boy,"Leonard and Phil Chess, Willie Dixon",55, Chess<br />Did not chart
229,Chic,Good Times,"Rodgers, Edwards",79, Atlantic<br />19 weeks; No. 1
228,The Clash,Should I Stay or Should I Go,Glyn Johns,82, Epic<br />13 weeks; No. 45
227,James Taylor,Fire and Rain,Peter Asher,70, Warner Bros.<br />16 weeks; No. 3
226,Muddy Waters,Hoochie Coochie Man,"Leonard and Phil Chess, Dixon",54, Chess<br />Did not chart
225,Sly and the Family Stone,Dance to the Music,Stone,68, Epic<br />15 weeks; No. 8
224,Roy Orbison,"Oh, Pretty Woman",Wesley Rose,64, Monument<br />15 weeks; No. 1
223,Lou Reed,Walk on the Wild Side,"David Bowie, Mick Ronson, Reed",72, RCA<br />14 weeks; No. 16
222,The Left Banke,Walk Away Renee,Harry Lookofsky,66, Smash<br />13 weeks; No. 5
221,Howlin' Wolf,Spoonful,Leonard and Phil Chess,60, Chess<br />Did not chart
220,John Lee Hooker,Boom Boom,Calvin Carter,62, Vee-Jay<br />10 weeks; No. 60
219,Dolly Parton,Jolene,Bob Ferguson,74, RCA<br />8 weeks; No. 60
218,The Lovin' Spoonful,Do You Believe in Magic,Erik Jacobsen,65, Kama Sutra <br /> 13 weeks; No. 9
217,Hank Williams,Your Cheatin' Heart,Rose,53, MGM<br />Predates pop charts
216,Neil Young,Rockin' in the Free World,"Niko Bolas, Young",89, Reprise<br />Non-single
215,Prince,1999,Prince,82, Warner Bros.<br />27 weeks; No. 12
214,The Beach Boys,"Caroline, No",Wilson,66, Capitol<br />7 weeks; No. 32
213,? and the Mysterians,96 Tears,Martinez,66, Pa-Go-Go<br />15 weeks; No. 1
212,The Beach Boys,In My Room,Wilson,63, Capitol<br />11 weeks; No. 23
211,Them,Gloria,Tommy Scott,65, Parrot
210,The Everly Brothers,Bye Bye Love,Archie Bleyer,57, Cadence<br />27 weeks; No. 2
209,The Four Tops,"Reach Out, I'll Be There","Holland, Dozier, Holland",66, Motown<br />15 weeks; No. 1
208,Bill Withers,Lean on Me,Withers,72, Sussex<br />19 weeks; No. 1
207,Otis Redding,Try a Little Tenderness,"Steve Cropper, Jim Stewart",66, Stax<br />10 weeks; No. 25
206,Bob Dylan,Positively 4th Street,Bob Johnston,65, Columbia<br />9 weeks; No. 7
205,The Beatles,Come Together,George Martin,69, Apple<br />16 weeks; No. 1
204,New Order,Bizarre Love Triangle,New Order,86, Qwest<br />2 weeks; No. 98
203,Beck,Loser,Karl Stephenson,1993, Bong Load&#xA0;&#xA0;&#xA0; <br />24 weeks; No. 10
202,Parliament,Flash Light,Clinton,77, Casablanca<br />16 weeks; No. 16
201,The Jimi Hendrix Experience,Hey Joe,Chas Chandler,66, Reprise<br />Did not chart
200,Elvis Presley,Don't Be Cruel,Steve Sholes,56, RCA<br />27 weeks; No. 1
199,The Chantels,Maybe,Richard Barrett,57, End<br />18 weeks; No. 15
198,Guns n' Roses,Sweet Child O'Mine,Mike Clink,87, Geffen<br />24 weeks; No. 1
197,Buddy Holly,Peggy Sue,Petty,57, Coral<br />22 weeks; No. 3
196,The Drifters,There Goes My Baby,"Jerry Leiber, Mike Stoller",59, Atlantic<br />19 weeks; No. 2
195,Glen Campbell,Wichita Lineman,Al De Lory,68, Capitol<br />15 weeks; No. 3
194,Amy Winehouse,Rehab,Mark Ronson,07, Universal Republic<br />20 weeks; No. 9
193,Lynyrd Skynyrd,Free Bird,Al Kooper,73, MCA<br />12 weeks; No. 19
192,Bob Dylan,Knockin' on Heaven's Door,Gordon Carroll,73, Columbia<br />16 weeks; No. 12
191,Bee Gees,Stayin' Alive,"Barry Gibb, Robin Gibb, Maurice Gibb, Karl Richardson,Albhy Galuten",77, RSO<br />27 weeks; No. 1
190,AC/DC,Back in Black,Mutt Lange,80, Atlantic<br />15 weeks; No. 37
189,Aretha Franklin,I Never Loved a Man (the Way I Love You),Jerry Wexler,67, Atlantic<br />11 weeks; No. 9
188,Creedence Clearwater Revival,Who'll Stop the Rain,Fogerty,70, Fantasy<br />Did not chart
187,Bob Dylan,Desolation Row,Bob Johnston,65, Columbia<br />Non-single
186,The Beatles,Please Please Me,George Martin,64, Vee-Jay<br />13 weeks; No. 3
185,B.B. King,The Thrill is Gone,Bill Szymczyk,69, BluesWay<br />14 weeks; No. 15
184,The Drifters,Save the Last Dance for Me,"Jerry Leiber, Mike Stoller",60, Atlantic<br />18 weeks; No. 1
183,Booker T. and the MG's,Green Onions,Jim Stewart,62, Stax<br />16 weeks; No. 3
182,OutKast,Hey Ya!,André 3000,03, LaFace<br />32 weeks; No. 1
181,Joy Division,Love Will Tear Us Apart,Martin Hannett,80, Enigma<br />Did not chart
180,Big Star,September Gurls,Big Star,74, Ardent<br />Did not chart
179,Tom Petty,Free Fallin',Lynne,89, MCA<br />21 weeks; No. 7
178,The Beach Boys,Don't Worry Baby,Wilson,64, Capitol<br />10 weeks; No. 24
177,The Bobby Fuller Four,I Fought the Law,Bob Keane,66, Mustang<br />11 weeks; No. 9
176,The Rolling Stones,Paint it Black,Andrew Loog Oldham,66, London<br />11 weeks; No. 1
175,The Sex Pistols,God Save the Queen,Chris Thomas,77, Warner Bros.<br />Did not chart&#xA0;
174,Abba,Dancing Queen,"Andersson, Ulvaeus",76, Atlantic<br />22 weeks; No. 1
173,Aerosmith,Dream On,Arian Barber,73, Columbia<br />9 weeks; No. 59
172,Jay-Z,99 Problems,Rubin,03, Roc-a-Fella<br />12 weeks; No. 30
171,Joni Mitchell,Both Sides Now,Mitchell,69, Reprise<br />Did not chart
170,R.E.M.,Losing My Religion,"Scott Lift, R.E.M.",91, Warner Bros.<br />21 weeks; No. 4
169,The Temptations,Papa Was a Rollin' Stone,Whitfield,72, Gordy<br />16 weeks; No. 1
168,Marvin Gaye,Let's Get It On,"Gaye, Townsend",73, Tamla<br />14 weeks; No. 1
167,Tracy Chapman,Fast Car,David Kershenbaum,88, Elektra<br />&#xA0;21 weeks; No. 6
166,Queen,Bohemian Rhapsody,Roy Thomas Baker,75, Elektra<br />24 weeks; No. 9
165,Sinead O'Connor,Nothing Compares 2 U,"O'Connor, Nellee Hooper",90, Ensign<br />21 weeks; No. 1
164,Ray Charles,I Can't Stop Loving You,Sid Feller,62, ABC-Paramount<br />18 weeks; No. 1
163,Johnny Cash,Folsom Prison Blues,Sam Phillips,56, Sun<br />18 weeks; No. 32
162,Public Enemy,Bring the Noise,"Rick Rubin, Carl Ryder",88, Def Jam<br />Did not chart
161,The Velvet Underground,I'm Waiting for the Man,"Andy Warhol, Tom Wilson",67, Verve<br />Non-single
160,U2,Moment of Surrender,"Brian Eno, Daniel Lanois",09, Interscope<br />Non-single
159,Bill Haley and His Comets,(We're Gonna) Rock Around the Clock,Milt Gabler,54, Decca<br />24 weeks; No. 1
158,The Flamingos,I Only Have Eyes for You,George Goldner,59, End<br />13 weeks; No. 11
157,Simon and Garfunkel,The Sounds of Silence,Tom Wilson,65, Columbia&#xA0;<br />14 weeks; No. 1
156,Creedence Clearwater Revival,Proud Mary,Fogerty,69, Fantasy<br />14 weeks; No. 2
155,Buddy Holly and the Crickets,Rave On,Petty,58, Coral<br /><strong>10 weeks;</strong> No. 37
154,The Beatles,A Hard Day's Night,George Martin,64, Capitol<br />13 weeks; No. 1
153,The Jimi Hendrix Experience,Foxey Lady,Chas Chandler,65, Reprise<br />4 weeks; No. 67
152,The Penguins,Earth Angel,Dootsie Williams,54, Dootone<br />15 weeks; No. 8
151,The Byrds,Eight Miles High,Allen Stanton,66, Columbia<br />9 weeks; No. 14
150,The Everly Brothers,Cathy's Clown,Wesley Rose,60, Warner Bros.&#xA0;<br />17 weeks; No. 1
149,Iggy Pop,Lust for Life,Bowie,77, RCA<br />Did not chart
148,Janis Joplin,Me and Bobby McGee,Paul Rothchild,71, Columbia<br />15 weeks; No. 1
147,The B-52's,Rock Lobster,Chris Blackwell,79, Warner Bros.<br />8 weeks; No. 56
146,Sly and the Family Stone,Everyday People,Stone,68, Epic<br />19 weeks; No. 1
145,Ramones,I Wanna Be Sedated,"Tommy Erdelyi, Ed Stasium",78, Sire<br />Did not chart
144,Prince and the Revolution,Purple Rain,Prince,84, Warner Bros.<br />16 weeks; No. 2
143,James Brown and His Famous Flames,"Please, Please, Please",Ralph Bass,56, Federal<br />2 weeks; No. 95
142,The Everly Brothers,All I Have to Do Is Dream,Archie Bleyer,58, Cadence<br />11 weeks; No. 21
141,Led Zeppelin,Kashmir,Page,75, Swan Song<br />Non-single
140,The Beatles,I Saw Her Standing There,George Martin,64, Capitol<br />11 weeks; No. 14
139,Sly and the Family Stone,Family Affair,Stone,71, Epic<br />14 weeks; No. 1
138,The Beatles,Eleanor Rigby,George Martin,66, Capitol<br />8 weeks; No. 11&#xA0;
137,Elton John,Your Song,Gus Dudgeon,70, Uni<br />14 weeks; No. 8&#xA0;
136,The Beatles,While My Guitar Gently Weeps,George Martin,68, Apple<br />Non-single&#xA0;
135,Wilson Pickett,In the Midnight Hour,"Jerry Wexler, Jim Stewart",65, Atlantic<br />12 weeks; No. 21
134,The Who,Won't Get Fooled Again,"Glyn Johns, the Who",71, Decca<br />13 weeks; No. 15&#xA0;
133,Bo Diddley,Who Do You Love?,Phil and Leonard Chess,57, Checker<br />Did not chart
132,U2,With or Without You,"Brian Eno, Daniel Lanois",87, Island<br />18 weeks; No. 1
131,Rod Stewart,Maggie May,Stewart,71, Mercury<br />17 weeks; No. 1
130,Steppenwolf,Born to Be Wild,Gabriel Mekler,68, Dunhill&#xA0;<br />13 Weeks; No. 2 &#xA0;
129,Chuck Berry,Rock & Roll Music,Phil and Leonard Chess,57, Chess<br />19 Weeks; No. 8</span>
128,David Bowie,Changes,,71, RCA<strong><br />11 Weeks;</strong> No. 41
127,Big Joe Turner,"Shake, Rattle & Roll",,54, Atlantic<strong><br /></strong>Predates chart
126,The Shirelles,Will You Love Me Tomorrow,Luther Dixon,60, Scepter<br />19 weeks; No. 1
125,The Rolling Stones,Jumpin' Jack Flash,Jimmy Miller,68, London <br />12 weeks; No. 3
124,James Brown,It's A Man's Man's Man's World,Brown,66, King <br />9 weeks; No. 8
123,The Animals,The House of the Rising Sun,Mickie Most,64, MGM<br />11 weeks; No. 1
122,Ben E. King,Stand By Me,"Leiber, Stoller",61, Atco<br />14 weeks; No. 4
121,The Jackson 5,I Want You Back,"Perren, Mizell, Richards, Gordy",69, Motown <br />19 weeks; No. 1
120,Fleetwood Mac,Go Your Own Way,"Fleetwood Mac, Richard Dashut, Ken Caillat",77, Warner Bros. <br />15 weeks; No. 10
119,The Isley Brothers,Shout (Parts 1 and 2),"Hugo Peretti, Luigi Creatore",59, RCA<br />11 weeks; No. 47
118,Beyonce feat. Jay-Z,Crazy in Love,"Harrison, Beyonce",03, Columbia<br />27 weeks; No. 1
117,Al Green,Take Me to the River,Willie Mitchell,74, Hi<br />Non-single
116,The Rolling Stones,Honky Tonk Women,Jimmy Miller,69, London <br />15 weeks; No. 1
115,Sam Cooke,You Send Me,"Richard ""Bumps"" Blackwell",57, Keen<br />26 weeks; No. 1&#xA0;
114,The Drifters,Up on the Roof,"Jerry Leiber, Mike Stoller",62, Atlantic<br />20 weeks; No. 5
113,Elvis Presley,That's All Right,Sam Phillips,54, Sun <br />Did not chart
112,Hank Williams,I'm So Lonesome I Could Cry,Fred Rose,49, Sterling <br />Did not chart
111,Otis Redding,I've Been Loving You too Long (to Stop Now),"Jim Stewart, Steve Cropper",65, Volt <br />11 weeks; No. 21
110,Van Morrison,Brown Eyed Girl,Bert Berns,67, Bang <br />16 weeks; No. 10
109,Prince,Little Red Corvette,Prince,83, Warner <br />22 weeks; No. 6
108,Buddy Holly and the Crickets,Not Fade Away,Petty,57, Brunswick <br />20 weeks; No. 10
107,Bob Dylan,Mr. Tambourine Man,Tom Wilson,65, Columbia <br />Non-single
106,Simon and Garfunkel,The Boxer,"Roy Halee, Simon, Art Garfunkel",69, Columbia <br />10 weeks; No. 7
105,Stevie Wonder,Living for the City,Wonder,73, Tamla <br />17 weeks; No. 8
104,Donna Summer,Hot Stuff,"Giorgio Moroder, Bellotte",79, Casablanca<br />21 weeks; No. 1
103,Gene Vincent and His Blue Caps,Be-Bop-A-Lula,Ken Nelson,56, Capitol <br />20 weeks; No. 7
102,The Jimi Hendrix Experience,Voodoo Child (Slight Return),Chas Chandler,68, Reprise<br />Non-single
101,The Rolling Stones,You Can't Always Get What You Want,Jimmy Miller,69, London<br />8 weeks; No. 42
100,Gnarls Barkley,Crazy,Danger Mouse,06, Downtown <br />24 weeks; No. 2
99,Creedence Clearwater Revival,Fortunate Son,Fogerty,69, Fantasy<br />14 weeks; No. 14
98,Al Green,Love and Happiness,Willie Mitchell,72, Hi<br />12 weeks; No. 3
97,Chuck Berry,Roll Over Beethoven,Leonard and Phil Chess,56, Chess<br />5 weeks; No. 29
96,Jerry Lee Lewis,Great Balls of Fire,Sam Phillips,57, Sun<br />21 weeks; No. 2
95,Carl Perkins,Blue Suede Shoes,Sam Phillips,56, Sun <br />21 weeks; No. 2
94,Little Richard,"Good Golly, Miss Molly",Blackwell,58, Specialty <br />15 weeks; No. 10
93,U2,I Still Haven't Found What I'm Looking For,"Daniel Lanois, Brian Eno",87, Island <br />17 weeks; No. 1
92,Ramones,Blitzkrieg Bop,Craig Leon,76, Sire<br />Did not chart
91,Elvis Presley,Suspicious Minds,"Chips Moman, Felton Jarvis, Presley",69, RCA<br />15 weeks; No. 1
90,The Five Satins,In the Still of the Night,The Five Satins,56, Standord <br />19 weeks; No. 24
89,The Mamas and the Papas,California Dreamin',Lou Adler,65, Dunhill <br />17 weeks; No. 4
88,The Temptations,My Girl,"Robinson, White",65, Gordy <br />13 weeks; No. 1
87,Johnny Cash,Ring of Fire,Don Law,63, Columbia <br />13 weeks; No. 17
86,Bruce Springsteen,Thunder Road,"Springsteen, Jon Landau, Mike Appel",75, Columbia <br />Non-single
85,Patsy Cline,Crazy,Owen Bradley,61, Decca<br />11 weeks; No. 9
84,The Police,Every Breath You Take,Hugh Padgham,83, A&M<br />22 weeks; No 1
83,The Beatles,Norwegian Wood (This Bird Has Flown),George Martin,65, Capitol&#xA0;<br />Non-single
82,Fats Domino,Blueberry Hill,Dave Bartholomew,56, Imperial&#xA0;<br />27 weeks; No. 2
81,Marvin Gaye,I Heard It Through the Grapevine,Whitfield,68, Tamla&#xA0;<br />15 weeks; No. 1
80,The Kinks,You Really Got Me,Shel Talmy,64, Reprise&#xA0;<br />15 weeks; No. 7
79,The Byrds,Mr. Tambourine Man,Terry Melcher,65, Columbia <br />13 weeks; No. 1
78,James Brown,I Got You (I Feel Good),Brown,65, King <br />12 weeks; No. 3
77,Elvis Presley,Mystery Train,Phillips,55, Sun<br />Did not chart
76,The Beatles,Strawberry Fields Forever,George Martin,67, Capitol<br />9 weeks; No. 8
75,Led Zeppelin,Whole Lotta Love,Jimmy Page,69, Atlantic <br />15 weeks; No. 4
74,Eddie Cochran,Summertime Blues,Capehart,58, Liberty <br />16 weeks; No. 8
73,Stevie Wonder,Superstition,"Wonder, Malcolm Cecil, Robert Margouleff",72, Tamla<br />16 weeks; No. 1
72,The Beach Boys,California Girls,Wilson,65, Capitol<br />11 weeks; No. 3
71,James Brown,Papa's Got A Brand New Bag,Brown,66, King
70,Dionne Warwick,Walk On By,"Bacharach, David",64," Scepter <br />13 weeks, No. 6"
69,Roy Orbison,Crying,Fred Foster,61, Monument<br />16 weeks; No. 2
68,Bob Dylan,Tangled Up in Blue,Dylan,75," Columbia <br />7 weeks, No. 31"
67,Elvis Presley,Jailhouse Rock,Steve Sholes,57," RCA&#xA0;<br />27 weeks, No. 1"
66,Bob Marley and the Wailers,Redemption Song,Chris Blackwell,80, Island <br />Did not chart
65,Cream,Sunshine of Your Love,Felix Pappalardi,68, Atco<br /> 26 weeks; No. 5&#xA0;
64,The Beatles,She Loves You,George Martin,63, Swan&#xA0;<br /> 15 weeks; No. 1
63,Buffalo Springfield,For What It's Worth,"Charles Greene, Brian Stone",67," Atco <br />15 weeks, No. 7"
62,Bo Diddley,Bo Diddley,Phil and Leonard Chess,55, Checker&#xA0;<br />Did not chart
61,Jerry Lee Lewis,Whole Lotta Shakin' Going On,Jack Clement,57, Sun<br />29 weeks; No. 3
60,Al Green,Let's Stay Together,Mitchell,71, Hi <br />16 weeks; No. 1
59,Bob Dylan,The Times They Are A-Changin,Bob Johnston,64, Columbia<br /> Did not chart&#xA0;
58,Michael Jackson,Billie Jean,"Jackson, Quincy Jones",83, Epic <br /> 7 weeks; No. 1
57,Procol Harum,Whiter Shade of Pale,Denny Cordell,67, A&M<br /> 12 weeks; No. 5
56,The Sex Pistols,Anarchy in the U.K.,"Chris Thomas, Bill Price",77, Warner Bros.<br />Non-single
55,Little Richard,Long Tall Sally,Blackwell,56, Specialty<br />19 weeks; No. 6&#xA0;
54,The Kingsmen,Louie Louie,Ken Chase,63, Jerden <br />16 weeks; No. 2&#xA0;
53,Percy Sledge,When a Man Loves a Woman,"Marlin Greene, Quin Ivy",66, Atlantic <br />13 weeks; No. 1&#xA0;
52,Prince,When Doves Cry,Prince,84, Warner Bros. <br />21 weeks; No. 1&#xA0;
51,Grandmaster Flash and the Furious Five,The Message,Sylvia Robinson,82, Sugar Hill<br />7 weeks; No. 62&#xA0;
50,Smokey Robinson and the Miracles,The Tracks of My Tears,Robinson,65, Tamla<br />12 weeks; No. 16&#xA0;
49,The Eagles,Hotel California,Bill Szymczyk,76, Asylum<br />19 weeks; No. 1
48,Simon and Garfunkel,Bridge Over Troubled Water,"Art Garfunkel, Roy Halee, Simon",70, Columbia<br />14 weeks; No. 1&#xA0;
47,The Jimi Hendrix Experience,All Along the Watchtower,Hendrix,68, Reprise<br />9 weeks; No. 20&#xA0;
46,David Bowie,Heroes,Tony Visconti,77, RCA<br />Did not chart
45,Elvis Presley,Heartbreak Hotel,Steve Sholes,56, RCA<br />27 weeks; No. 1&#xA0;
44,Ray Charles,Georgia on My Mind,Sid Feller,60, ABC-Paramount<br />13 weeks; No. 1&#xA0;
43,Little Richard,Tutti-Frutti,"Robert ""Bumps"" Blackwell",55, Specialty<br />12 weeks; No. 17
42,The Kinks,Waterloo Sunset,Ray Davies,68, Reprise<br />Did not chart
41,The Band,The Weight,John Simon,68, Capitol<br />7 weeks; No. 63
40,Martha Reeves and the Vandellas,Dancing in the Street,Stevenson,64,<br />14 weeks; No. 2
39,Buddy Holly and the Crickets,That'll Be the Day,Petty,57, Brunswick<br />1 week; No. 1
38,The Rolling Stones,Gimme Shelter,Jimmy Miller,69, London<br />11 weeks; No. 21&#xA0;
37,Bob Marley,"No Woman, No Cry","Chris Blackwell, Marley and the Wailers",75, Island<br />Did not chart
36,U2,One,"Brian Eno, Daniel Lanois",91, Island<br />20 weeks; No. 10&#xA0;
35,The Doors,Light My Fire,Paul Rothchild,67, Elektra <br />17 weeks; No. 1&#xA0;
34,The Righteous Brothers,You've Lost That Lovin' Feelin',Spector,64, Philles <br />16 weeks; No. 1&#xA0;
33,Ike and Tina Turner,River Deep - Mountain High,Spector,66, Philles<br />4 weeks; No. 88&#xA0;
32,The Rolling Stones,Sympathy for the Devil,Jimmy Miller,68, London <br />Non-single
31,Led Zeppelin,Stairway to Heaven,Page,71, Atlantic<br />Non-single
30,Johnny Cash,I Walk the Line,Sam Phillips,56, Sun<br />22 weeks; No. 17&#xA0;
29,The Beatles,Help!,George Martin,65, Capitol<br />13 weeks; No. 1&#xA0;
28,The Beatles,A Day in the Life,George Martin,67, Capitol<br />Non-single&#xA0;
27,Derek and the Dominos,Layla,"Tom Dowd, the Dominos",70, Atco<br />15 weeks; No. 10&#xA0;
26,Otis Redding,(Sittin' on) the Dock of the Bay,Cropper,68, Volt<br />16 weeks; No. 1
25,The Beach Boys,God Only Knows,Wilson,66, Capitol<br />8 weeks; No. 39&#xA0;
24,The Impressions,People Get Ready,Johnny Pate,65, ABC-Paramount<br />8 weeks; No. 14&#xA0;
23,The Beatles,In My Life,George Martin,65, Capitol<br />Non-single&#xA0;
22,The Ronettes,Be My Baby,Spector,63,&#xA0;<br />13 weeks; No. 2&#xA0;
21,Bruce Springsteen,Born to Run,"Springsteen, Mike Appel",75, Columbia <br />11 weeks; No. 23
20,The Beatles,Let It Be,George Martin,70, Apple <br />14 weeks; No. 1
19,Elvis Presley,Hound Dog,Steve Sholes,56, RCA <br />28 weeks; No. 1
18,Chuck Berry,Maybellene,Leonard and Phil Chess,55, Chess <br />11 weeks; No. 5
17,The Jimi Hendrix Experience,Purple Haze,Chas Chandler,67, Reprise <br />8 weeks; No. 65
16,The Beatles,I Want to Hold Your Hand,George Martin,63, Capitol <br />15 weeks; no. 1
15,The Clash,London Calling,Guy Stevens,80, Epic <br />Did not chart
14,Bob Dylan,Blowin' in the Wind,John Hammond,63, Columbia <br />Did not chart
13,The Beatles,Yesterday,George Martin,65, Capitol <br />11 weeks; No. 1
12,Sam Cooke,A Change Is Gonna Come,"Hugo Peretti, Luigi Creatore",64, RCA <br />7 weeks; No. 31
11,The Who,My Generation,Shel Talmy,65, Decca<br />5 weeks; No. 74
10,Ray Charles,What'd I Say,"Ahmet Ertegun, Jerry Wexler",59, Atlantic <br />15 weeks; No. 6
9,Nirvana,Smells Like Teen Spirit,Butch Vig,91, DGC <br />20 weeks; No. 6
8,The Beatles,Hey Jude,George Martin,68, Apple <br />19 weeks; No. 1
7,Chuck Berry,Johnny B. Goode,Leonard and Phil Chess,58, Chess<br />15 weeks; No. 8
6,The Beach Boys,Good Vibrations,Wilson,66, Capitol <br />14 weeks; No. 1
5,Aretha Franklin,Respect,Jerry Wexler,67, Atlantic <br />12 weeks; No. 1
4,Marvin Gaye,What's Going On,Gaye,71, Tamla <br />13 weeks; No. 2
3,John Lennon,Imagine,"Lennon, Phil Spector, Yoko Ono",71, Apple <br />9 weeks; No. 3
2,The Rolling Stones,(I Can't Get No) Satisfaction,Andrew Loog Oldham,65, London<br />14 weeks; No. 1&#xA0;
1,Bob Dylan,Like a Rolling Stone,Tom Wilson,65, Columbia<br />12 weeks; No. 2
